athlete_id,athlete_name,age,hometown,Position,SkinRace
1,"Joao Pedro",20,"Lisbon, Portugal ",Forward,white
2,"Cole Palmer",19,"London, England",Midfielder,white
3,"Cris Davis",20,"Bowie, Maryland",Midfielder,black
4,"Coby Maino",19,"London, England",Midfielder,black
5,"Malo Gusto",18,"London, England",Defender,white
6,"Axel Disasi",19,"Manchester, Englad",Defender,black
7,"Rick Johnson",21,"Washinton, D.C",Forward,white
8,"Yann Tamdem",21,"Paris, France",Defender,white
9,"Jack Wilshere",20,"Merseyside, England",Midfielder,white
10,"Juan Buendia",20,"Madrid, Spain",Forward,white
